-- ============================================================
-- Seed: master.Industries
-- ============================================================

INSERT INTO master."Industries" ("Id", "Name", "SortOrder")
VALUES
    ('00000004-0000-0000-0000-000000000001', 'Information Technology',        1),
    ('00000004-0000-0000-0000-000000000002', 'Finance & Banking',             2),
    ('00000004-0000-0000-0000-000000000003', 'Healthcare & Pharmaceuticals',  3),
    ('00000004-0000-0000-0000-000000000004', 'Education & E-Learning',        4),
    ('00000004-0000-0000-0000-000000000005', 'Manufacturing',                 5),
    ('00000004-0000-0000-0000-000000000006', 'Retail & E-Commerce',           6),
    ('00000004-0000-0000-0000-000000000007', 'Media & Entertainment',         7),
    ('00000004-0000-0000-0000-000000000008', 'Real Estate',                   8),
    ('00000004-0000-0000-0000-000000000009', 'Automotive',                    9),
    ('00000004-0000-0000-0000-000000000010', 'Telecommunications',           10),
    ('00000004-0000-0000-0000-000000000011', 'Government & Public Sector',   11),
    ('00000004-0000-0000-0000-000000000012', 'Non-Profit & NGO',             12),
    ('00000004-0000-0000-0000-000000000013', 'Legal & Compliance',           13),
    ('00000004-0000-0000-0000-000000000014', 'Hospitality & Travel',         14),
    ('00000004-0000-0000-0000-000000000015', 'Energy & Utilities',           15),
    ('00000004-0000-0000-0000-000000000016', 'Agriculture & Food',           16),
    ('00000004-0000-0000-0000-000000000017', 'Logistics & Supply Chain',     17),
    ('00000004-0000-0000-0000-000000000018', 'Consulting',                   18),
    ('00000004-0000-0000-0000-000000000019', 'Insurance',                    19),
    ('00000004-0000-0000-0000-000000000020', 'Aerospace & Defense',          20)
ON CONFLICT DO NOTHING;

-- ── Job Categories under IT ────────────────────────────────────
INSERT INTO master."JobCategories" ("Id", "IndustryId", "Name", "Slug", "SortOrder")
VALUES
    ('00000005-0000-0000-0000-000000000001', '00000004-0000-0000-0000-000000000001', 'Software Development',     'software-development',      1),
    ('00000005-0000-0000-0000-000000000002', '00000004-0000-0000-0000-000000000001', 'Data & Analytics',         'data-analytics',            2),
    ('00000005-0000-0000-0000-000000000003', '00000004-0000-0000-0000-000000000001', 'Cloud & DevOps',           'cloud-devops',              3),
    ('00000005-0000-0000-0000-000000000004', '00000004-0000-0000-0000-000000000001', 'Cybersecurity',            'cybersecurity',             4),
    ('00000005-0000-0000-0000-000000000005', '00000004-0000-0000-0000-000000000001', 'Product Management',       'product-management',        5),
    ('00000005-0000-0000-0000-000000000006', '00000004-0000-0000-0000-000000000001', 'UX/UI Design',             'ux-ui-design',              6),
    ('00000005-0000-0000-0000-000000000007', '00000004-0000-0000-0000-000000000001', 'Mobile Development',       'mobile-development',        7),
    ('00000005-0000-0000-0000-000000000008', '00000004-0000-0000-0000-000000000001', 'IT Support & Systems',     'it-support-systems',        8),
    ('00000005-0000-0000-0000-000000000009', '00000004-0000-0000-0000-000000000001', 'AI & Machine Learning',    'ai-machine-learning',       9),
    ('00000005-0000-0000-0000-000000000010', '00000004-0000-0000-0000-000000000001', 'QA & Testing',             'qa-testing',               10),
    ('00000005-0000-0000-0000-000000000011', NULL,                                   'Sales & Business Dev',     'sales-business-dev',       11),
    ('00000005-0000-0000-0000-000000000012', NULL,                                   'Marketing & Growth',       'marketing-growth',         12),
    ('00000005-0000-0000-0000-000000000013', NULL,                                   'Human Resources',          'human-resources',          13),
    ('00000005-0000-0000-0000-000000000014', NULL,                                   'Finance & Accounting',     'finance-accounting',       14),
    ('00000005-0000-0000-0000-000000000015', NULL,                                   'Operations & Management',  'operations-management',    15),
    ('00000005-0000-0000-0000-000000000016', NULL,                                   'Customer Support',         'customer-support',         16),
    ('00000005-0000-0000-0000-000000000017', NULL,                                   'Legal',                    'legal',                    17),
    ('00000005-0000-0000-0000-000000000018', NULL,                                   'Design & Creative',        'design-creative',          18)
ON CONFLICT DO NOTHING;

-- ── Job Sub-Categories ─────────────────────────────────────────
INSERT INTO master."JobSubCategories" ("Id", "CategoryId", "Name", "Slug", "SortOrder")
VALUES
    ('00000006-0000-0000-0000-000000000001', '00000005-0000-0000-0000-000000000001', 'Frontend Development',   'frontend-development',   1),
    ('00000006-0000-0000-0000-000000000002', '00000005-0000-0000-0000-000000000001', 'Backend Development',    'backend-development',    2),
    ('00000006-0000-0000-0000-000000000003', '00000005-0000-0000-0000-000000000001', 'Full Stack Developer',   'full-stack-developer',   3),
    ('00000006-0000-0000-0000-000000000004', '00000005-0000-0000-0000-000000000001', 'DevOps Engineer',        'devops-engineer',        4),
    ('00000006-0000-0000-0000-000000000005', '00000005-0000-0000-0000-000000000002', 'Data Engineer',          'data-engineer',          1),
    ('00000006-0000-0000-0000-000000000006', '00000005-0000-0000-0000-000000000002', 'Data Scientist',         'data-scientist',         2),
    ('00000006-0000-0000-0000-000000000007', '00000005-0000-0000-0000-000000000002', 'Business Analyst',       'business-analyst',       3),
    ('00000006-0000-0000-0000-000000000008', '00000005-0000-0000-0000-000000000009', 'ML Engineer',            'ml-engineer',            1),
    ('00000006-0000-0000-0000-000000000009', '00000005-0000-0000-0000-000000000007', 'iOS Developer',          'ios-developer',          1),
    ('00000006-0000-0000-0000-000000000010', '00000005-0000-0000-0000-000000000007', 'Android Developer',      'android-developer',      2),
    ('00000006-0000-0000-0000-000000000011', '00000005-0000-0000-0000-000000000007', 'Flutter Developer',      'flutter-developer',      3),
    ('00000006-0000-0000-0000-000000000012', '00000005-0000-0000-0000-000000000007', 'React Native Developer', 'react-native-developer', 4)
ON CONFLICT DO NOTHING;
